0.001,-0
0.001,-0
0.001,-0
0.001,-0
0.001,-0
0.001,-0
0.001,-0
0.001,-0
0.001,-0
0.001,-0
0.001,-0
0.001,-0
0.001,-0
0.001,-0
0.002,-0
0.002,-0
0.002,-0
0.002,-9.50815e-005
0.002,-0
0.002,-0
0.002,0.00132372
0.002,-0
0.002,-0
0.002,-0
0.002,0.000953867
0.002,-0
0.002,-0
0.002,-0
0.003,-0
0.003,-0
0.003,-0
0.003,-0.000898559
0.003,-0
0.003,-0
0.003,0.0053845
0.003,-0
0.003,-0
0.003,-0
0.003,0.00239356
0.003,1.32419e-006
0.003,-0
0.003,-0
0.004,-0
0.004,-0
0.004,-0
0.004,-0.00205758
0.004,-0
0.004,-0
0.004,0.00976269
0.004,-2.02639e-006
0.004,-0
0.004,-0
0.004,0.00385212
0.004,5.30827e-006
0.004,-2.62367e-009
0.004,-0
0.005,-0
0.005,-0
0.005,-0
0.005,-0.00372914
0.005,-0
0.005,-0
0.005,0.0146872
0.005,-7.10951e-006
0.005,-0
0.005,-0
0.005,0.00534093
0.005,1.23086e-005
0.005,-1.31427e-008
0.005,5.98253e-012
0.006,-0
0.006,-0
0.006,-0
0.006,-0.0061613
0.006,-5.43797e-012
0.006,-0
0.006,0.0203856
0.006,-1.52813e-005
0.006,4.74566e-012
0.006,-0
0.006,0.00687241
0.006,2.23686e-005
0.006,-3.75144e-008
0.006,2.99175e-011
0.007,-0
0.007,-0
0.007,-0
0.007,-0.00959621
0.007,-3.02527e-011
0.007,-0
0.007,0.0270778
0.007,-2.65944e-005
0.007,2.68979e-011
0.007,-0
0.007,0.00845782
0.007,3.55564e-005
0.007,-8.17587e-008
0.007,1.12949e-010
0.008,-0
0.008,-0
0.008,-0
0.008,-0.0142677
0.008,-1.06066e-010
0.008,-0
0.008,0.0349741
0.008,-4.11279e-005
0.008,9.17883e-011
0.008,-0
0.008,0.0101071
0.008,5.19637e-005
0.008,-1.51996e-007
0.008,3.0822e-010
0.009,-0
0.009,-0
0.009,-0
0.009,-0.0203985
0.009,-2.75401e-010
0.009,-0
0.009,0.0442717
0.009,-5.89841e-005
0.009,2.32915e-010
0.009,-0
0.009,0.0118287
0.009,7.1704e-005
0.009,-2.545e-007
0.009,6.9135e-010
0.01,-0
0.01,-0
0.01,-0
0.01,-0.0281961
0.01,-5.98481e-010
0.01,-0
0.01,0.0551518
0.01,-8.02865e-005
0.01,4.95116e-010
0.01,-0
0.01,0.0136292
0.01,9.49088e-005
0.01,-3.95741e-007
0.01,1.35522e-009
0.011,-0
0.011,-0
0.011,-0
0.011,-0.0378489
0.011,-1.14679e-009
0.011,-0
0.011,0.0677747
0.011,-0.000105176
0.011,9.32777e-010
0.011,-1.75154e-012
0.011,0.0155135
0.011,0.000121724
0.011,-5.82412e-007
0.011,2.41522e-009
0.012,-0
0.012,-1.51468e-012
0.012,-0
0.012,-0.0495219
0.012,-2.00955e-009
0.012,-0
0.012,0.0822763
0.012,-0.000133807
0.012,1.61233e-009
0.012,-1.53881e-015
0.012,0.0174842
0.012,0.000152307
0.012,-8.21469e-007
0.012,4.00777e-009
0.013,-0
0.013,-3.0311e-012
0.013,-0
0.013,-0.0633511
0.013,-3.29131e-009
0.013,-0
0.013,0.0987636
0.013,-0.000166345
0.013,2.61044e-009
0.013,-3.50461e-012
0.013,0.0195415
0.013,0.000186822
0.013,-1.12014e-006
0.013,6.2881e-009
0.014,-0
0.014,-6.06393e-012
0.014,-0
0.014,-0.0794399
0.014,-5.11204e-009
0.014,-0
0.014,0.11731
0.014,-0.000202957
0.014,4.01701e-009
0.014,-4.38346e-012
0.014,0.021683
0.014,0.000225432
0.014,-1.48596e-006
0.014,9.44147e-009
0.015,-0
0.015,-1.06149e-011
0.015,-0
0.015,-0.097854
0.015,-7.60635e-009
0.015,-0
0.015,0.137954
0.015,-0.000243814
0.015,5.93286e-009
0.015,-7.89037e-012
0.015,0.023904
0.015,0.0002683
0.015,-1.92672e-006
0.015,1.36638e-008
0.016,-0
0.016,-1.66858e-011
0.016,-0
0.016,-0.118618
0.016,-1.09308e-008
0.016,-0
0.016,0.160691
0.016,-0.000289079
0.016,8.4698e-009
0.016,-1.14004e-011
0.016,0.0261969
0.016,0.000315578
0.016,-2.45053e-006
0.016,1.91862e-008
0.017,-0
0.017,-2.82165e-011
0.017,-0
0.017,-0.141714
0.017,-1.52548e-008
0.017,-0
0.017,0.185478
0.017,-0.000338906
0.017,1.17543e-008
0.017,-1.84165e-011
0.017,0.0285515
0.017,0.000367405
0.017,-3.06574e-006
0.017,2.62558e-008
0.018,-0
0.018,-4.21839e-011
0.018,-0
0.018,-0.167078
0.018,-2.07694e-008
0.018,-0
0.018,0.21223
0.018,-0.000393429
0.018,1.5925e-008
0.018,-2.63146e-011
0.018,0.0309552
0.018,0.0004239
0.018,-3.78095e-006
0.018,3.51482e-008
0.019,-0
0.019,-6.43466e-011
0.019,-0
0.019,-0.1946
0.019,-2.76823e-008
0.019,-0
0.019,0.240817
0.019,-0.000452765
0.019,2.1134e-008
0.019,-4.03499e-011
0.019,0.0333931
0.019,0.000485155
0.019,-4.60494e-006
0.019,4.61694e-008
0.02,-0
0.02,-9.13816e-011
0.02,-0
0.02,-0.224128
0.02,-3.62248e-008
0.02,-0
0.02,0.271075
0.02,-0.000516998
0.02,2.75494e-008
0.02,-5.79007e-011
0.02,0.0358487
0.02,0.000551237
0.02,-5.54665e-006
0.02,5.96433e-008
0.021,-0
0.021,-1.27839e-010
0.021,-0
0.021,-0.255468
0.021,-4.66428e-008
0.021,-0
0.021,0.302799
0.021,-0.000586186
0.021,3.53509e-008
0.021,-8.51003e-011
0.021,0.0383039
0.021,0.000622176
0.021,-6.61509e-006
0.021,7.59286e-008
0.022,-0
0.022,-1.75546e-010
0.022,-0
0.022,-0.288393
0.022,-5.92055e-008
0.022,-0
0.022,0.335758
0.022,-0.000660347
0.022,4.47328e-008
0.022,-1.13199e-010
0.022,0.0407395
0.022,0.000697968
0.022,-7.8193e-006
0.022,9.54053e-008
0.023,-0
0.023,-2.38455e-010
0.023,-0
0.023,-0.322642
0.023,-7.4202e-008
0.023,-0
0.023,0.369693
0.023,-0.000739463
0.023,5.59044e-008
0.023,-1.52708e-010
0.023,0.0431364
0.023,0.000778568
0.023,-9.16826e-006
0.023,1.18483e-007
0.024,-0
0.024,-3.16583e-010
0.024,-0
0.024,-0.357935
0.024,-9.19406e-008
0.024,-0
0.024,0.404332
0.024,-0.000823476
0.024,6.9089e-008
0.024,-2.02761e-010
0.024,0.0454752
0.024,0.000863895
0.024,-1.06708e-005
0.024,1.45597e-007
0.025,-0
0.025,-4.14187e-010
0.025,-0
0.025,-0.393974
0.025,-1.12749e-007
0.025,-0
0.025,0.439391
0.025,-0.000912285
0.025,8.45243e-008
0.025,-2.64242e-010
0.025,0.0477375
0.025,0.000953826
0.025,-1.23357e-005
0.025,1.7721e-007
0.026,-0
0.026,-5.35836e-010
0.026,-0
0.026,-0.430459
0.026,-1.36977e-007
0.026,-0
0.026,0.474585
0.026,-0.00100575
0.026,1.02462e-007
0.026,-3.3979e-010
0.026,0.0499061
0.026,0.0010482
0.026,-1.41711e-005
0.026,2.1381e-007
0.027,-0
0.027,-6.82768e-010
0.027,-0
0.027,-0.467086
0.027,-1.64992e-007
0.027,-0
0.027,0.509635
0.027,-0.00110369
0.027,1.23165e-007
0.027,-4.32919e-010
0.027,0.0519656
0.027,0.00114682
0.027,-1.61852e-005
0.027,2.55902e-007
0.028,-0
0.028,-8.62584e-010
0.028,-0
0.028,-0.503567
0.028,-1.97179e-007
0.028,-0
0.028,0.544276
0.028,-0.0012059
0.028,1.46911e-007
0.028,-5.48024e-010
0.028,0.0539026
0.028,0.00124947
0.028,-1.83855e-005
0.028,3.04027e-007
0.029,-0
0.029,-1.07775e-009
0.029,-0
0.029,-0.539626
0.029,-2.33942e-007
0.029,-0
0.029,0.578262
0.029,-0.00131213
0.029,1.7399e-007
0.029,-6.85124e-010
0.029,0.0557061
0.029,0.00135588
0.029,-2.0779e-005
0.029,3.58742e-007
0.03,-0
0.03,-1.33526e-009
0.03,-0
0.03,-0.575011
0.03,-2.757e-007
0.03,-0
0.03,0.611371
0.03,-0.00142209
0.03,2.04701e-007
0.03,-8.45114e-010
0.03,0.0573675
0.03,0.00146578
0.03,-2.33725e-005
0.03,4.2062e-007
0.031,-0
0.031,-1.64003e-009
0.031,-0
0.031,-0.609499
0.031,-3.22887e-007
0.031,-0
0.031,0.643409
0.031,-0.00153551
0.031,2.39355e-007
0.031,-1.03765e-009
0.031,0.0588809
0.031,0.00157886
0.031,-2.61717e-005
0.031,4.90256e-007
0.032,-0
0.032,-1.99816e-009
0.032,-0
0.032,-0.642894
0.032,-3.75952e-007
0.032,-0
0.032,0.674214
0.032,-0.00165206
0.032,2.78271e-007
0.032,-1.2645e-009
0.032,0.0602428
0.032,0.00169483
0.032,-2.91822e-005
0.032,5.68262e-007
0.033,-0
0.033,-2.41728e-009
0.033,-0
0.033,-0.675034
0.033,-4.35356e-007
0.033,-0
0.033,0.703654
0.033,-0.00177141
0.033,3.21779e-007
0.033,-1.52659e-009
0.033,0.0614522
0.033,0.00181336
0.033,-3.24085e-005
0.033,6.55262e-007
0.034,-0
0.034,-2.90444e-009
0.034,-0
0.034,-0.705791
0.034,-5.01568e-007
0.034,-0
0.034,0.731627
0.034,-0.00189325
0.034,3.7021e-007
0.034,-1.83269e-009
0.034,0.0625103
0.034,0.00193414
0.034,-3.58547e-005
0.034,7.51895e-007
0.035,-0
0.035,-3.46789e-009
0.035,-0
0.035,-0.735066
0.035,-5.75072e-007
0.035,-0
0.035,0.758062
0.035,-0.00201723
0.035,4.23908e-007
0.035,-2.18636e-009
0.035,0.0634202
0.035,0.00205683
0.035,-3.95244e-005
0.035,8.58804e-007
0.036,-0
0.036,-4.11711e-009
0.036,-0
0.036,-0.762794
0.036,-6.56352e-007
0.036,-0
0.036,0.782918
0.036,-0.00214303
0.036,4.83218e-007
0.036,-2.59375e-009
0.036,0.0641865
0.036,0.00218114
0.036,-4.34201e-005
0.036,9.76643e-007
0.037,-0
0.037,-4.85855e-009
0.037,-0
0.037,-0.788934
0.037,-7.45903e-007
0.037,-0
0.037,0.806177
0.037,-0.00227033
0.037,5.48488e-007
0.037,-3.05843e-009
0.037,0.0648155
0.037,0.00230676
0.037,-4.75441e-005
0.037,1.10607e-006
0.038,-0
0.038,-5.70566e-009
0.038,-0
0.038,-0.813475
0.038,-8.44223e-007
0.038,-0
0.038,0.827845
0.038,-0.00239881
0.038,6.20069e-007
0.038,-3.58744e-009
0.038,0.0653144
0.038,0.0024334
0.038,-5.18979e-005
0.038,1.24776e-006
0.039,-0
0.039,-6.66582e-009
0.039,-0
0.039,-0.836425
0.039,-9.51814e-007
0.039,-0
0.039,0.847945
0.039,-0.00252819
0.039,6.98315e-007
0.039,-4.18873e-009
0.039,0.0656912
0.039,0.00256078
0.039,-5.64824e-005
0.039,1.40236e-006
0.04,-0
0.04,-7.75279e-009
0.04,-0
0.04,-0.85781
0.04,-1.06918e-006
0.04,-0
0.04,0.866519
0.04,-0.00265818
0.04,7.83577e-007
0.04,-4.86673e-009
0.04,0.0659543
0.04,0.00268865
0.04,-6.12981e-005
0.04,1.57054e-006
0.041,-0
0.041,-8.97551e-009
0.041,-0
0.041,-0.877673
0.041,-1.19681e-006
0.041,-0
0.041,0.883621
0.041,-0.00278853
0.041,8.76208e-007
0.041,-5.63203e-009
0.041,0.0661126
0.041,0.00281677
0.041,-6.63447e-005
0.041,1.75295e-006
0.042,-0
0.042,-1.03484e-008
0.042,-0
0.042,-0.89607
0.042,-1.33522e-006
0.042,-0
0.042,0.899313
0.042,-0.00291898
0.042,9.76558e-007
0.042,-6.48908e-009
0.042,0.066175
0.042,0.0029449
0.042,-7.16218e-005
0.042,1.95026e-006
0.043,-0
0.043,-1.18839e-008
0.043,-0
0.043,-0.913064
0.043,-1.48491e-006
0.043,-0
0.043,0.913666
0.043,-0.00304931
0.043,1.08497e-006
0.043,-7.44583e-009
0.043,0.0661504
0.043,0.00307285
0.043,-7.71282e-005
0.043,2.16311e-006
0.044,-0
0.044,-1.35949e-008
0.044,-0
0.044,-0.928726
0.044,-1.64635e-006
0.044,-0
0.044,0.926757
0.044,-0.00317933
0.044,1.2018e-006
0.044,-8.51465e-009
0.044,0.0660472
0.044,0.00320044
0.044,-8.28627e-005
0.044,2.39214e-006
0.045,-0
0.045,-1.54961e-008
0.045,-0
0.045,-0.943132
0.045,-1.82005e-006
0.045,-0
0.045,0.938662
0.045,-0.00330885
0.045,1.32738e-006
0.045,-9.69737e-009
0.045,0.0658739
0.045,0.00332749
0.045,-8.88233e-005
0.045,2.63799e-006
0.046,-0
0.046,-1.76023e-008
0.046,-0
0.046,-0.95636
0.046,-2.00649e-006
0.046,-0
0.046,0.949461
0.046,-0.0034377
0.046,1.46204e-006
0.046,-1.10099e-008
0.046,0.0656382
0.046,0.00345386
0.046,-9.50081e-005
0.046,2.90128e-006
0.047,-0
0.047,-1.99289e-008
0.047,-0
0.047,-0.968486
0.047,-2.20614e-006
0.047,-0
0.047,0.959233
0.047,-0.00356574
0.047,1.60612e-006
0.047,-1.24549e-008
0.047,0.0653476
0.047,0.00357941
0.047,-0.000101415
0.047,3.18262e-006
0.048,-0
0.048,-2.24914e-008
0.048,-0
0.048,-0.979589
0.048,-2.41947e-006
0.048,-0
0.048,0.968055
0.048,-0.00369282
0.048,1.75993e-006
0.048,-1.405e-008
0.048,0.0650089
0.048,0.00370402
0.048,-0.00010804
0.048,3.4826e-006
0.049,-0
0.049,-2.53071e-008
0.049,-0
0.049,-0.989745
0.049,-2.64694e-006
0.049,-0
0.049,0.976002
0.049,-0.00381885
0.049,1.9238e-006
0.049,-1.58033e-008
0.049,0.0646285
0.049,0.00382759
0.049,-0.000114882
0.049,3.80182e-006
0.05,-0
0.05,-2.83914e-008
0.05,-0
0.05,-0.999027
0.05,-2.889e-006
0.05,-0
0.05,0.983146
0.05,-0.00394373
0.05,2.09804e-006
0.05,-1.77184e-008
0.05,0.0642123
0.05,0.00395004
0.05,-0.000121937
0.05,4.14084e-006
0.051,-0
0.051,-3.17642e-008
0.051,-0
0.051,-1.0075
0.051,-3.1461e-006
0.051,-0
0.051,0.989553
0.051,-0.00406735
0.051,2.28295e-006
0.051,-1.9813e-008
0.051,0.0637656
0.051,0.00407128
0.051,-0.000129202
0.051,4.50024e-006
0.052,-0
0.052,-3.54429e-008
0.052,-0
0.052,-1.01525
0.052,-3.41866e-006
0.052,-0
0.052,0.995289
0.052,-0.00418966
0.052,2.47882e-006
0.052,-2.20959e-008
0.052,0.0632933
0.052,0.00419126
0.052,-0.000136674
0.052,4.88054e-006
0.053,-0
0.053,-3.94448e-008
0.053,-0
0.053,-1.02231
0.053,-3.70712e-006
0.053,-0
0.053,1.00041
0.053,-0.00431059
0.053,2.68595e-006
0.053,-2.45787e-008
0.053,0.0627998
0.053,0.00430991
0.053,-0.000144349
0.053,5.28228e-006
0.054,-0
0.054,-4.37926e-008
0.054,-0
0.054,-1.02876
0.054,-4.01187e-006
0.054,-0
0.054,1.00498
0.054,-0.00443009
0.054,2.90461e-006
0.054,-2.72747e-008
0.054,0.0622889
0.054,0.00442719
0.054,-0.000152224
0.054,5.70598e-006
0.055,-0
0.055,-4.85017e-008
0.055,-0
0.055,-1.03465
0.055,-4.33333e-006
0.055,-0
0.055,1.00905
0.055,-0.00454812
0.055,3.13508e-006
0.055,-3.01938e-008
0.055,0.0617642
0.055,0.00454306
0.055,-0.000160295
0.055,6.15213e-006
0.056,-0
0.056,-5.35959e-008
0.056,-0
0.056,-1.04003
0.056,-4.67188e-006
0.056,-0
0.056,1.01265
0.056,-0.00466465
0.056,3.37762e-006
0.056,-3.33493e-008
0.056,0.0612288
0.056,0.0046575
0.056,-0.000168559
0.056,6.62122e-006
0.057,-0
0.057,-5.90946e-008
0.057,-0
0.057,-1.04494
0.057,-5.02791e-006
0.057,-0
0.057,1.01585
0.057,-0.00477964
0.057,3.63249e-006
0.057,-3.67519e-008
0.057,0.0606855
0.057,0.00477048
0.057,-0.000177012
0.057,7.11372e-006
0.058,-0
0.058,-6.50195e-008
0.058,-0
0.058,-1.04943
0.058,-5.40178e-006
0.058,-0
0.058,1.01867
0.058,-0.00489309
0.058,3.89994e-006
0.058,-4.04184e-008
0.058,0.0601366
0.058,0.00488198
0.058,-0.00018565
0.058,7.63007e-006
0.059,-0
0.059,-7.13909e-008
0.059,-0
0.059,-1.05354
0.059,-5.79385e-006
0.059,-0
0.059,1.02116
0.059,-0.00500498
0.059,4.1802e-006
0.059,-4.43604e-008
0.059,0.0595844
0.059,0.004992
0.059,-0.000194469
0.059,8.17071e-006
0.06,-0
0.06,-7.82327e-008
0.06,-0
0.06,-1.05731
0.06,-6.20447e-006
0.06,-0
0.06,1.02335
0.06,-0.0051153
0.06,4.47352e-006
0.06,-4.85896e-008
0.06,0.0590308
0.06,0.00510052
0.06,-0.000203467
0.06,8.73607e-006
0.061,-0
0.061,-8.55658e-008
0.061,-0
0.061,-1.06076
0.061,-6.63398e-006
0.061,-0
0.061,1.02526
0.061,-0.00522404
0.061,4.78011e-006
0.061,-5.31203e-008
0.061,0.0584772
0.061,0.00520755
0.061,-0.000212638
0.061,9.32656e-006
0.062,-0
0.062,-9.3415e-008
0.062,-0
0.062,-1.06393
0.062,-7.0827e-006
0.062,-0
0.062,1.02693
0.062,-0.00533122
0.062,5.10019e-006
0.062,-5.79685e-008
0.062,0.0579252
0.062,0.00531308
0.062,-0.00022198
0.062,9.94254e-006
0.063,-0
0.063,-1.01803e-007
0.063,-0
0.063,-1.06684
0.063,-7.55095e-006
0.063,-0
0.063,1.02839
0.063,-0.00543683
0.063,5.43397e-006
0.063,-6.31475e-008
0.063,0.0573759
0.063,0.00541711
0.063,-0.000231489
0.063,1.05844e-005
0.064,-0
0.064,-1.10752e-007
0.064,-0
0.064,-1.06952
0.064,-8.03903e-006
0.064,-0
0.064,1.02964
0.064,-0.00554088
0.064,5.78165e-006
0.064,-6.86682e-008
0.064,0.0568304
0.064,0.00551966
0.064,-0.000241161
0.064,1.12525e-005
0.065,-0
0.065,-1.20289e-007
0.065,-0
0.065,-1.072
0.065,-8.54724e-006
0.065,-0
0.065,1.03073
0.065,-0.00564339
0.065,6.14342e-006
0.065,-7.45501e-008
0.065,0.0562896
0.065,0.00562074
0.065,-0.000250992
0.065,1.19473e-005
0.066,-0
0.066,-1.30436e-007
0.066,-0
0.066,-1.07428
0.066,-9.07587e-006
0.066,-0
0.066,1.03165
0.066,-0.00574435
0.066,6.51947e-006
0.066,-8.08059e-008
0.066,0.0557543
0.066,0.00572035
0.066,-0.00026098
0.066,1.26689e-005
0.067,-0
0.067,-1.41219e-007
0.067,-0
0.067,-1.0764
0.067,-9.62517e-006
0.067,-0
0.067,1.03243
0.067,-0.0058438
0.067,6.90997e-006
0.067,-8.74524e-008
0.067,0.0552249
0.067,0.0058185
0.067,-0.00027112
0.067,1.34178e-005
0.068,-0
0.068,-1.52662e-007
0.068,-0
0.068,-1.07836
0.068,-1.01954e-005
0.068,-0
0.068,1.03309
0.068,-0.00594174
0.068,7.3151e-006
0.068,-9.45006e-008
0.068,0.0547022
0.068,0.00591522
0.068,-0.000281409
0.068,1.41942e-005
0.069,-0
0.069,-1.64793e-007
0.069,-0
0.069,-1.08018
0.069,-1.07869e-005
0.069,-0
0.069,1.03364
0.069,-0.00603819
0.069,7.73501e-006
0.069,-1.01967e-007
0.069,0.0541865
0.069,0.00601051
0.069,-0.000291844
0.069,1.49984e-005
0.07,-0
0.07,-1.77636e-007
0.07,-0
0.07,-1.08188
0.07,-1.13998e-005
0.07,-0
0.07,1.03408
0.07,-0.00613317
0.07,8.16987e-006
0.07,-1.09872e-007
0.07,0.0536781
0.07,0.00610439
0.07,-0.000302421
0.07,1.58308e-005
0.071,-0
0.071,-1.91217e-007
0.071,-0
0.071,-1.08347
0.071,-1.20344e-005
0.071,-0
0.071,1.03444
0.071,-0.00622669
0.071,8.61983e-006
0.071,-1.18228e-007
0.071,0.0531773
0.071,0.00619688
0.071,-0.000313137
0.071,1.66915e-005
0.072,-0
0.072,-2.05562e-007
0.072,-0
0.072,-1.08495
0.072,-1.26909e-005
0.072,-0
0.072,1.03471
0.072,-0.00631878
0.072,9.08501e-006
0.072,-1.27048e-007
0.072,0.0526844
0.072,0.006288
0.072,-0.000323989
0.072,1.75808e-005
0.073,-0
0.073,-2.20699e-007
0.073,-0
0.073,-1.08634
0.073,-1.33695e-005
0.073,-0
0.073,1.03492
0.073,-0.00640946
0.073,9.56557e-006
0.073,-1.36353e-007
0.073,0.0521995
0.073,0.00637776
0.073,-0.000334974
0.073,1.8499e-005
0.074,-0
0.074,-2.36654e-007
0.074,-0
0.074,-1.08765
0.074,-1.40704e-005
0.074,-0
0.074,1.03506
0.074,-0.00649875
0.074,1.00616e-005
0.074,-1.46154e-007
0.074,0.0517226
0.074,0.00646618
0.074,-0.000346087
0.074,1.94462e-005
0.075,-0
0.075,-2.53453e-007
0.075,-0
0.075,-1.08888
0.075,-1.47939e-005
0.075,-0
0.075,1.03515
0.075,-0.00658667
0.075,1.05733e-005
0.075,-1.56473e-007
0.075,0.051254
0.075,0.00655329
0.075,-0.000357327
0.075,2.04228e-005
0.076,-0
0.076,-2.71126e-007
0.076,-0
0.076,-1.09004
0.076,-1.554e-005
0.076,-0
0.076,1.03519
0.076,-0.00667324
0.076,1.11007e-005
0.076,-1.67319e-007
0.076,0.0507935
0.076,0.00663909
0.076,-0.000368691
0.076,2.14288e-005
0.077,-0
0.077,-2.89699e-007
0.077,-0
0.077,-1.09114
0.077,-1.63091e-005
0.077,-0
0.077,1.03518
0.077,-0.00675848
0.077,1.1644e-005
0.077,-1.78718e-007
0.077,0.0503412
0.077,0.00672362
0.077,-0.000380174
0.077,2.24645e-005
0.078,-0
0.078,-3.092e-007
0.078,-0
0.078,-1.09219
0.078,-1.71013e-005
0.078,-0
0.078,1.03513
0.078,-0.00684241
0.078,1.22032e-005
0.078,-1.90679e-007
0.078,0.0498971
0.078,0.00680688
0.078,-0.000391775
0.078,2.353e-005
0.079,-0
0.079,-3.29656e-007
0.079,-0
0.079,-1.09318
0.079,-1.79166e-005
0.079,-0
0.079,1.03505
0.079,-0.00692505
0.079,1.27784e-005
0.079,-2.03222e-007
0.079,0.0494612
0.079,0.0068889
0.079,-0.000403491
0.079,2.46256e-005
0.08,-0
0.08,-3.51098e-007
0.08,-0
0.08,-1.09412
0.08,-1.87554e-005
0.08,-0
0.08,1.03494
0.08,-0.00700644
0.08,1.33698e-005
0.08,-2.16362e-007
0.08,0.0490333
0.08,0.00696969
0.08,-0.000415318
0.08,2.57513e-005
0.081,-0
0.081,-3.73551e-007
0.081,-0
0.081,-1.09503
0.081,-1.96177e-005
0.081,-0
0.081,1.0348
0.081,-0.00708657
0.081,1.39774e-005
0.081,-2.30117e-007
0.081,0.0486134
0.081,0.00704929
0.081,-0.000427254
0.081,2.69073e-005
0.082,-0
0.082,-3.97045e-007
0.082,-0
0.082,-1.09589
0.082,-2.05037e-005
0.082,-0
0.082,1.03464
0.082,-0.00716549
0.082,1.46013e-005
0.082,-2.44505e-007
0.082,0.0482014
0.082,0.00712769
0.082,-0.000439296
0.082,2.80937e-005
0.083,-0
0.083,-4.21611e-007
0.083,-0
0.083,-1.09672
0.083,-2.14134e-005
0.083,-0
0.083,1.03446
0.083,-0.0072432
0.083,1.52416e-005
0.083,-2.59539e-007
0.083,0.0477971
0.083,0.00720493
0.083,-0.000451441
0.083,2.93107e-005
0.084,-0
0.084,-4.47274e-007
0.084,-0
0.084,-1.09752
0.084,-2.23472e-005
0.084,-0
0.084,1.03425
0.084,-0.00731973
0.084,1.58983e-005
0.084,-2.75241e-007
0.084,0.0474006
0.084,0.00728102
0.084,-0.000463688
0.084,3.05584e-005
0.085,-0
0.085,-4.74063e-007
0.085,-0
0.085,-1.09829
0.085,-2.33049e-005
0.085,-0
0.085,1.03403
0.085,-0.00739509
0.085,1.65716e-005
0.085,-2.91627e-007
0.085,0.0470116
0.085,0.00735598
0.085,-0.000476032
0.085,3.18369e-005
0.086,-0
0.086,-5.02011e-007
0.086,-0
0.086,-1.09903
0.086,-2.42869e-005
0.086,-0
0.086,1.0338
0.086,-0.00746932
0.086,1.72614e-005
0.086,-3.08714e-007
0.086,0.04663
0.086,0.00742982
0.086,-0.000488473
0.086,3.31462e-005
0.087,-0
0.087,-5.31143e-007
0.087,-0
0.087,-1.09975
0.087,-2.52931e-005
0.087,-0
0.087,1.03356
0.087,-0.00754242
0.087,1.79679e-005
0.087,-3.26519e-007
0.087,0.0462557
0.087,0.00750257
0.087,-0.000501007
0.087,3.44865e-005
0.088,-0
0.088,-5.61491e-007
0.088,-0
0.088,-1.10044
0.088,-2.63237e-005
0.088,-0
0.088,1.0333
0.088,-0.00761442
0.088,1.8691e-005
0.088,-3.45057e-007
0.088,0.0458886
0.088,0.00757425
0.088,-0.000513631
0.088,3.58578e-005
0.089,-0
0.089,-5.93083e-007
0.089,-0
0.089,-1.10112
0.089,-2.73787e-005
0.089,-0
0.089,1.03304
0.089,-0.00768533
0.089,1.94309e-005
0.089,-3.64352e-007
0.089,0.0455284
0.089,0.00764486
0.089,-0.000526345
0.089,3.72602e-005
0.09,-0
0.09,-6.2595e-007
0.09,-0
0.09,-1.10177
0.09,-2.84583e-005
0.09,-0
0.09,1.03276
0.09,-0.00775518
0.09,2.01875e-005
0.09,-3.84411e-007
0.09,0.0451752
0.09,0.00771443
0.09,-0.000539144
0.09,3.86938e-005
0.091,-0
0.091,-6.60121e-007
0.091,-0
0.091,-1.10241
0.091,-2.95626e-005
0.091,-0
0.091,1.03248
0.091,-0.00782398
0.091,2.0961e-005
0.091,-4.05262e-007
0.091,0.0448287
0.091,0.00778297
0.091,-0.000552028
0.091,4.01586e-005
0.092,-0
0.092,-6.95625e-007
0.092,-0
0.092,-1.10303
0.092,-3.06915e-005
0.092,-0
0.092,1.0322
0.092,-0.00789175
0.092,2.17512e-005
0.092,-4.26919e-007
0.092,0.0444888
0.092,0.0078505
0.092,-0.000564993
0.092,4.16546e-005
0.093,-0
0.093,-7.32492e-007
0.093,-0
0.093,-1.10363
0.093,-3.18452e-005
0.093,-0
0.093,1.03191
0.093,-0.00795851
0.093,2.25584e-005
0.093,-4.49394e-007
0.093,0.0441554
0.093,0.00791704
0.093,-0.000578038
0.093,4.31819e-005
0.094,-0
0.094,-7.70752e-007
0.094,-0
0.094,-1.10422
0.094,-3.30238e-005
0.094,-0
0.094,1.03161
0.094,-0.00802427
0.094,2.33824e-005
0.094,-4.72714e-007
0.094,0.0438283
0.094,0.0079826
0.094,-0.000591161
0.094,4.47405e-005
0.095,-0
0.095,-8.10434e-007
0.095,-0
0.095,-1.1048
0.095,-3.42272e-005
0.095,-0
0.095,1.03132
0.095,-0.00808905
0.095,2.42233e-005
0.095,-4.96889e-007
0.095,0.0435074
0.095,0.0080472
0.095,-0.000604358
0.095,4.63304e-005
0.096,-0
0.096,-8.51571e-007
0.096,-0
0.096,-1.10536
0.096,-3.54556e-005
0.096,-0
0.096,1.03101
0.096,-0.00815288
0.096,2.50812e-005
0.096,-5.2194e-007
0.096,0.0431925
0.096,0.00811085
0.096,-0.000617629
0.096,4.79517e-005
0.097,-0
0.097,-8.9419e-007
0.097,-0
0.097,-1.10591
0.097,-3.6709e-005
0.097,-0
0.097,1.03071
0.097,-0.00821575
0.097,2.5956e-005
0.097,-5.47886e-007
0.097,0.0428836
0.097,0.00817357
0.097,-0.000630972
0.097,4.96043e-005
0.098,-0
0.098,-9.38322e-007
0.098,-0
0.098,-1.10645
0.098,-3.79874e-005
0.098,-0
0.098,1.03041
0.098,-0.0082777
0.098,2.68477e-005
0.098,-5.7474e-007
0.098,0.0425804
0.098,0.00823537
0.098,-0.000644383
0.098,5.12883e-005
0.099,-0
0.099,-9.83997e-007
0.099,-0
0.099,-1.10698
0.099,-3.92909e-005
0.099,-0
0.099,1.0301
0.099,-0.00833874
0.099,2.77564e-005
0.099,-6.02523e-007
0.099,0.0422829
0.099,0.00829627
0.099,-0.000657862
0.099,5.30036e-005
0.1,-0
0.1,-1.03124e-006
0.1,-0
0.1,-1.1075
0.1,-4.06195e-005
0.1,-0
0.1,1.02979
0.1,-0.00839887
0.1,2.8682e-005
0.1,-6.31255e-007
0.1,0.0419909
0.1,0.00835628
0.1,-0.000671407
0.1,5.47502e-005
0.101,-0
0.101,-1.08009e-006
0.101,-0
0.101,-1.10802
0.101,-4.19732e-005
0.101,-0
0.101,1.02949
0.101,-0.00845812
0.101,2.96246e-005
0.101,-6.60947e-007
0.101,0.0417043
0.101,0.00841541
0.101,-0.000685015
0.101,5.65281e-005
0.102,-0
0.102,-1.13058e-006
0.102,-0
0.102,-1.10852
0.102,-4.3352e-005
0.102,-0
0.102,1.02918
0.102,-0.00851651
0.102,3.05842e-005
0.102,-6.91619e-007
0.102,0.041423
0.102,0.00847369
0.102,-0.000698685
0.102,5.83372e-005
0.103,-0
0.103,-1.18273e-006
0.103,-0
0.103,-1.10901
0.103,-4.4756e-005
0.103,-0
0.103,1.02887
0.103,-0.00857404
0.103,3.15607e-005
0.103,-7.23292e-007
0.103,0.0411469
0.103,0.00853111
0.103,-0.000712415
0.103,6.01776e-005
0.104,-0
0.104,-1.23657e-006
0.104,-0
0.104,-1.1095
0.104,-4.61852e-005
0.104,-0
0.104,1.02857
0.104,-0.00863072
0.104,3.25541e-005
0.104,-7.55981e-007
0.104,0.0408758
0.104,0.0085877
0.104,-0.000726204
0.104,6.20492e-005
0.105,-0
0.105,-1.29213e-006
0.105,-0
0.105,-1.10998
0.105,-4.76396e-005
0.105,-0
0.105,1.02826
0.105,-0.00868659
0.105,3.35644e-005
0.105,-7.89703e-007
0.105,0.0406096
0.105,0.00864347
0.105,-0.000740049
0.105,6.3952e-005
0.106,-0
0.106,-1.34945e-006
0.106,-0
0.106,-1.11045
0.106,-4.91192e-005
0.106,-0
0.106,1.02795
0.106,-0.00874163
0.106,3.45916e-005
0.106,-8.24477e-007
0.106,0.0403483
0.106,0.00869843
0.106,-0.000753949
0.106,6.58859e-005
0.107,-0
0.107,-1.40855e-006
0.107,-0
0.107,-1.11092
0.107,-5.06239e-005
0.107,-0
0.107,1.02765
0.107,-0.00879588
0.107,3.56358e-005
0.107,-8.6032e-007
0.107,0.0400916
0.107,0.0087526
0.107,-0.000767902
0.107,6.78507e-005
0.108,-0
0.108,-1.46947e-006
0.108,-0
0.108,-1.11138
0.108,-5.21539e-005
0.108,-0
0.108,1.02734
0.108,-0.00884935
0.108,3.66967e-005
0.108,-8.97247e-007
0.108,0.0398396
0.108,0.00880598
0.108,-0.000781907
0.108,6.98466e-005
0.109,-0
0.109,-1.53223e-006
0.109,-0
0.109,-1.11183
0.109,-5.3709e-005
0.109,-0
0.109,1.02704
0.109,-0.00890203
0.109,3.77745e-005
0.109,-9.3528e-007
0.109,0.039592
0.109,0.00885859
0.109,-0.000795962
0.109,7.18734e-005
0.11,-0
0.11,-1.59686e-006
0.11,-0
0.11,-1.11228
0.11,-5.52893e-005
0.11,-0
0.11,1.02674
0.11,-0.00895396
0.11,3.88691e-005
0.11,-9.74431e-007
0.11,0.0393489
0.11,0.00891043
0.11,-0.000810066
0.11,7.39311e-005
0.111,-0
0.111,-1.66339e-006
0.111,-0
0.111,-1.11272
0.111,-5.68948e-005
0.111,-0
0.111,1.02644
0.111,-0.00900514
0.111,3.99805e-005
0.111,-1.01472e-006
0.111,0.03911
0.111,0.00896153
0.111,-0.000824216
0.111,7.60195e-005
0.112,-0
0.112,-1.73186e-006
0.112,-0
0.112,-1.11316
0.112,-5.85254e-005
0.112,-0
0.112,1.02614
0.112,-0.00905558
0.112,4.11086e-005
0.112,-1.05617e-006
0.112,0.0388753
0.112,0.0090119
0.112,-0.000838413
0.112,7.81386e-005
0.113,-0
0.113,-1.8023e-006
0.113,-0
0.113,-1.11359
0.113,-6.01811e-005
0.113,-0
0.113,1.02585
0.113,-0.00910529
0.113,4.22534e-005
0.113,-1.09879e-006
0.113,0.0386448
0.113,0.00906153
0.113,-0.000852653
0.113,8.02883e-005
0.114,-0
0.114,-1.87472e-006
0.114,-0
0.114,-1.11402
0.114,-6.18619e-005
0.114,-0
0.114,1.02555
0.114,-0.00915429
0.114,4.34149e-005
0.114,-1.1426e-006
0.114,0.0384182
0.114,0.00911045
0.114,-0.000866936
0.114,8.24686e-005
0.115,-0
0.115,-1.94917e-006
0.115,-0
0.115,-1.11444
0.115,-6.35677e-005
0.115,-0
0.115,1.02526
0.115,-0.00920258
0.115,4.4593e-005
0.115,-1.18761e-006
0.115,0.0381955
0.115,0.00915867
0.115,-0.00088126
0.115,8.46792e-005
0.116,-0
0.116,-2.02568e-006
0.116,-0
0.116,-1.11485
0.116,-6.52986e-005
0.116,-0
0.116,1.02496
0.116,-0.00925019
0.116,4.57877e-005
0.116,-1.23385e-006
0.116,0.0379767
0.116,0.00920619
0.116,-0.000895625
0.116,8.69202e-005
0.117,-0
0.117,-2.10426e-006
0.117,-0
0.117,-1.11526
0.117,-6.70545e-005
0.117,-0
0.117,1.02467
0.117,-0.00929711
0.117,4.6999e-005
0.117,-1.28133e-006
0.117,0.0377616
0.117,0.00925303
0.117,-0.000910027
0.117,8.91915e-005
0.118,-0
0.118,-2.18496e-006
0.118,-0
0.118,-1.11567
0.118,-6.88353e-005
0.118,-0
0.118,1.02439
0.118,-0.00934336
0.118,4.82267e-005
0.118,-1.33007e-006
0.118,0.0375502
0.118,0.0092992
0.118,-0.000924468
0.118,9.14928e-005
0.119,-0
0.119,-2.26779e-006
0.119,-0
0.119,-1.11607
0.119,-7.06411e-005
0.119,-0
0.119,1.0241
0.119,-0.00938895
0.119,4.94709e-005
0.119,-1.38008e-006
0.119,0.0373424
0.119,0.0093447
0.119,-0.000938944
0.119,9.38242e-005
0.12,-0
0.12,-2.3528e-006
0.12,-0
0.12,-1.11647
0.12,-7.24717e-005
0.12,-0
0.12,1.02382
0.12,-0.00943389
0.12,5.07315e-005
0.12,-1.43139e-006
0.12,0.0371381
0.12,0.00938955
0.12,-0.000953455
0.12,9.61854e-005
0.121,-0
0.121,-2.44001e-006
0.121,-0
0.121,-1.11687
0.121,-7.43271e-005
0.121,-0
0.121,1.02353
0.121,-0.00947819
0.121,5.20084e-005
0.121,-1.484e-006
0.121,0.0369372
0.121,0.00943376
0.121,-0.000967999
0.121,9.85765e-005
0.122,-0
0.122,-2.52945e-006
0.122,-0
0.122,-1.11726
0.122,-7.62074e-005
0.122,-0
0.122,1.02325
0.122,-0.00952186
0.122,5.33016e-005
0.122,-1.53794e-006
0.122,0.0367396
0.122,0.00947733
0.122,-0.000982576
0.122,0.000100997
0.123,-0
0.123,-2.62115e-006
0.123,-0
0.123,-1.11764
0.123,-7.81123e-005
0.123,-0
0.123,1.02297
0.123,-0.00956491
0.123,5.46111e-005
0.123,-1.59323e-006
0.123,0.0365454
0.123,0.00952028
0.123,-0.000997183
0.123,0.000103447
0.124,-0
0.124,-2.71513e-006
0.124,-0
0.124,-1.11802
0.124,-8.00419e-005
0.124,-0
0.124,1.02269
0.124,-0.00960735
0.124,5.59367e-005
0.124,-1.64987e-006
0.124,0.0363543
0.124,0.00956261
0.124,-0.00101182
0.124,0.000105927
0.125,-0
0.125,-2.81143e-006
0.125,-0
0.125,-1.1184
0.125,-8.19962e-005
0.125,-0
0.125,1.02242
0.125,-0.00964919
0.125,5.72785e-005
0.125,-1.70788e-006
0.125,0.0361664
0.125,0.00960434
0.125,-0.00102649
0.125,0.000108436
0.126,-0
0.126,-2.91008e-006
0.126,-0
0.126,-1.11878
0.126,-8.3975e-005
0.126,-0
0.126,1.02215
0.126,-0.00969043
0.126,5.86363e-005
0.126,-1.76729e-006
0.126,0.0359815
0.126,0.00964546
0.126,-0.00104118
0.126,0.000110974
0.127,-0
0.127,-3.01109e-006
0.127,-0
0.127,-1.11915
0.127,-8.59783e-005
0.127,-0
0.127,1.02187
0.127,-0.00973109
0.127,6.00101e-005
0.127,-1.8281e-006
0.127,0.0357997
0.127,0.009686
0.127,-0.0010559
0.127,0.000113542
0.128,-0
0.128,-3.11452e-006
0.128,-0
0.128,-1.11951
0.128,-8.8006e-005
0.128,-0
0.128,1.0216
0.128,-0.00977117
0.128,6.13999e-005
0.128,-1.89034e-006
0.128,0.0356208
0.128,0.00972596
0.128,-0.00107065
0.128,0.000116138
0.129,-0
0.129,-3.22037e-006
0.129,-0
0.129,-1.11988
0.129,-9.00581e-005
0.129,-0
0.129,1.02134
0.129,-0.00981069
0.129,6.28055e-005
0.129,-1.95402e-006
0.129,0.0354448
0.129,0.00976535
0.129,-0.00108542
0.129,0.000118762
0.13,-0
0.13,-3.32869e-006
0.13,-0
0.13,-1.12024
0.13,-9.21344e-005
0.13,-0
0.13,1.02107
0.13,-0.00984965
0.13,6.42269e-005
0.13,-2.01915e-006
0.13,0.0352716
0.13,0.00980417
0.13,-0.00110021
0.13,0.000121416
0.131,-0
0.131,-3.43949e-006
0.131,-0
0.131,-1.12059
0.131,-9.4235e-005
0.131,-0
0.131,1.02081
0.131,-0.00988806
0.131,6.56641e-005
0.131,-2.08576e-006
0.131,0.0351012
0.131,0.00984244
0.131,-0.00111503
0.131,0.000124098
0.132,-0
0.132,-3.55281e-006
0.132,-0
0.132,-1.12095
0.132,-9.63598e-005
0.132,-0
0.132,1.02054
0.132,-0.00992592
0.132,6.71169e-005
0.132,-2.15386e-006
0.132,0.0349334
0.132,0.00988016
0.132,-0.00112987
0.132,0.000126808
0.133,-0
0.133,-3.66867e-006
0.133,-0
0.133,-1.1213
0.133,-9.85086e-005
0.133,-0
0.133,1.02028
0.133,-0.00996326
0.133,6.85854e-005
0.133,-2.22346e-006
0.133,0.0347684
0.133,0.00991734
0.133,-0.00114473
0.133,0.000129546
0.134,-0
0.134,-3.78711e-006
0.134,-0
0.134,-1.12165
0.134,-0.000100681
0.134,-0
0.134,1.02002
0.134,-0.0100001
0.134,7.00693e-005
0.134,-2.29458e-006
0.134,0.0346059
0.134,0.00995398
0.134,-0.00115961
0.134,0.000132313
0.135,-0
0.135,-3.90815e-006
0.135,-0
0.135,-1.12199
0.135,-0.000102878
0.135,-0
0.135,1.01977
0.135,-0.0100363
0.135,7.15687e-005
0.135,-2.36724e-006
0.135,0.0344459
0.135,0.00999011
0.135,-0.0011745
0.135,0.000135107
0.136,-0
0.136,-4.03181e-006
0.136,-0
0.136,-1.12233
0.136,-0.000105099
0.136,-0
0.136,1.01951
0.136,-0.0100721
0.136,7.30835e-005
0.136,-2.44144e-006
0.136,0.0342885
0.136,0.0100257
0.136,-0.00118942
0.136,0.000137929
0.137,-0
0.137,-4.15813e-006
0.137,-0
0.137,-1.12267
0.137,-0.000107343
0.137,-0
0.137,1.01926
0.137,-0.0101074
0.137,7.46136e-005
0.137,-2.51722e-006
0.137,0.0341335
0.137,0.0100608
0.137,-0.00120435
0.137,0.000140779
0.138,-0
0.138,-4.28714e-006
0.138,-0
0.138,-1.12301
0.138,-0.000109611
0.138,-0
0.138,1.01901
0.138,-0.0101422
0.138,7.61589e-005
0.138,-2.59457e-006
0.138,0.0339808
0.138,0.0100954
0.138,-0.00121929
0.138,0.000143656
0.139,-0
0.139,-4.41886e-006
0.139,-0
0.139,-1.12334
0.139,-0.000111903
0.139,-0
0.139,1.01875
0.139,-0.0101765
0.139,7.77193e-005
0.139,-2.67353e-006
0.139,0.0338305
0.139,0.0101295
0.139,-0.00123426
0.139,0.00014656
0.14,-0
0.14,-4.55331e-006
0.14,-0
0.14,-1.12367
0.14,-0.000114218
0.14,-0
0.14,1.01851
0.14,-0.0102103
0.14,7.92949e-005
0.14,-2.7541e-006
0.14,0.0336825
0.14,0.0101631
0.14,-0.00124923
0.14,0.000149491
0.141,-0
0.141,-4.69053e-006
0.141,-0
0.141,-1.124
0.141,-0.000116557
0.141,-0
0.141,1.01826
0.141,-0.0102436
0.141,8.08854e-005
0.141,-2.83629e-006
0.141,0.0335368
0.141,0.0101963
0.141,-0.00126422
0.141,0.00015245
0.142,-0
0.142,-4.83055e-006
0.142,-0
0.142,-1.12432
0.142,-0.000118919
0.142,-0
0.142,1.01801
0.142,-0.0102764
0.142,8.24908e-005
0.142,-2.92013e-006
0.142,0.0333932
0.142,0.0102289
0.142,-0.00127923
0.142,0.000155434
0.143,-0
0.143,-4.97338e-006
0.143,-0
0.143,-1.12464
0.143,-0.000121304
0.143,-0
0.143,1.01777
0.143,-0.0103088
0.143,8.41111e-005
0.143,-3.00563e-006
0.143,0.0332519
0.143,0.0102611
0.143,-0.00129424
0.143,0.000158446
0.144,-0
0.144,-5.11906e-006
0.144,-0
0.144,-1.12496
0.144,-0.000123712
0.144,-0
0.144,1.01753
0.144,-0.0103408
0.144,8.57461e-005
0.144,-3.0928e-006
0.144,0.0331126
0.144,0.0102928
0.144,-0.00130927
0.144,0.000161484
0.145,-0
0.145,-5.26761e-006
0.145,-0
0.145,-1.12528
0.145,-0.000126144
0.145,-0
0.145,1.01729
0.145,-0.0103723
0.145,8.73958e-005
0.145,-3.18165e-006
0.145,0.0329754
0.145,0.0103241
0.145,-0.0013243
0.145,0.000164548
0.146,-0
0.146,-5.41906e-006
0.146,-0
0.146,-1.12559
0.146,-0.000128598
0.146,-0
0.146,1.01705
0.146,-0.0104033
0.146,8.90601e-005
0.146,-3.27221e-006
0.146,0.0328402
0.146,0.0103549
0.146,-0.00133935
0.146,0.000167638
0.147,-0
0.147,-5.57343e-006
0.147,-0
0.147,-1.12591
0.147,-0.000131075
0.147,-0
0.147,1.01681
0.147,-0.0104339
0.147,9.07388e-005
0.147,-3.36449e-006
0.147,0.0327071
0.147,0.0103853
0.147,-0.0013544
0.147,0.000170754
0.148,-0
0.148,-5.73076e-006
0.148,-0
0.148,-1.12621
0.148,-0.000133575
0.148,-0
0.148,1.01658
0.148,-0.0104641
0.148,9.2432e-005
0.148,-3.4585e-006
0.148,0.0325759
0.148,0.0104153
0.148,-0.00136946
0.148,0.000173896
0.149,-0
0.149,-5.89107e-006
0.149,-0
0.149,-1.12652
0.149,-0.000136098
0.149,-0
0.149,1.01635
0.149,-0.0104939
0.149,9.41396e-005
0.149,-3.55426e-006
0.149,0.0324466
0.149,0.0104448
0.149,-0.00138453
0.149,0.000177064
0.15,-0
0.15,-6.05438e-006
0.15,-0
0.15,-1.12683
0.15,-0.000138643
0.15,-0
0.15,1.01611
0.15,-0.0105232
0.15,9.58613e-005
0.15,-3.65177e-006
0.15,0.0323192
0.15,0.0104739
0.15,-0.00139961
0.15,0.000180257
0.151,-0
0.151,-6.22072e-006
0.151,-0
0.151,-1.12713
0.151,-0.000141211
0.151,-0
0.151,1.01588
0.151,-0.0105521
0.151,9.75973e-005
0.151,-3.75106e-006
0.151,0.0321937
0.151,0.0105026
0.151,-0.00141469
0.151,0.000183475
0.152,-0
0.152,-6.39011e-006
0.152,-0
0.152,-1.12743
0.152,-0.000143801
0.152,-0
0.152,1.01565
0.152,-0.0105807
0.152,9.93473e-005
0.152,-3.85213e-006
0.152,0.0320699
0.152,0.0105308
0.152,-0.00142978
0.152,0.000186718
0.153,-0
0.153,-6.56258e-006
0.153,-0
0.153,-1.12773
0.153,-0.000146414
0.153,-0
0.153,1.01543
0.153,-0.0106088
0.153,0.000101111
0.153,-3.95501e-006
0.153,0.031948
0.153,0.0105587
0.153,-0.00144487
0.153,0.000189985
0.154,-0
0.154,-6.73816e-006
0.154,-0
0.154,-1.12802
0.154,-0.000149048
0.154,-0
0.154,1.0152
0.154,-0.0106365
0.154,0.000102889
0.154,-4.05971e-006
0.154,0.0318277
0.154,0.0105861
0.154,-0.00145997
0.154,0.000193278
0.155,-0
0.155,-6.91687e-006
0.155,-0
0.155,-1.12831
0.155,-0.000151705
0.155,-0
0.155,1.01498
0.155,-0.0106638
0.155,0.000104681
0.155,-4.16623e-006
0.155,0.0317092
0.155,0.0106132
0.155,-0.00147507
0.155,0.000196595
0.156,-0
0.156,-7.09874e-006
0.156,-0
0.156,-1.1286
0.156,-0.000154383
0.156,-0
0.156,1.01475
0.156,-0.0106908
0.156,0.000106486
0.156,-4.27461e-006
0.156,0.0315924
0.156,0.0106399
0.156,-0.00149017
0.156,0.000199936
0.157,-0
0.157,-7.28379e-006
0.157,-0
0.157,-1.12889
0.157,-0.000157084
0.157,-0
0.157,1.01453
0.157,-0.0107173
0.157,0.000108305
0.157,-4.38483e-006
0.157,0.0314773
0.157,0.0106662
0.157,-0.00150528
0.157,0.000203301
0.158,-0
0.158,-7.47204e-006
0.158,-0
0.158,-1.12918
0.158,-0.000159806
0.158,-0
0.158,1.01431
0.158,-0.0107435
0.158,0.000110138
0.158,-4.49693e-006
0.158,0.0313637
0.158,0.0106921
0.158,-0.00152038
0.158,0.000206691
0.159,-0
0.159,-7.66352e-006
0.159,-0
0.159,-1.12946
0.159,-0.00016255
0.159,-0
0.159,1.01409
0.159,-0.0107693
0.159,0.000111984
0.159,-4.61091e-006
0.159,0.0312517
0.159,0.0107176
0.159,-0.00153549
0.159,0.000210104
0.16,-0
0.16,-7.85826e-006
0.16,-0
0.16,-1.12975
0.16,-0.000165315
0.16,-0
0.16,1.01387
0.16,-0.0107948
0.16,0.000113843
0.16,-4.72679e-006
0.16,0.0311414
0.16,0.0107428
0.16,-0.0015506
0.16,0.00021354
0.161,-0
0.161,-8.05628e-006
0.161,-0
0.161,-1.13003
0.161,-0.000168102
0.161,-0
0.161,1.01366
0.161,-0.0108199
0.161,0.000115716
0.161,-4.84458e-006
0.161,0.0310325
0.161,0.0107676
0.161,-0.00156571
0.161,0.000217
0.162,-0
0.162,-8.2576e-006
0.162,-0
0.162,-1.13031
0.162,-0.00017091
0.162,-0
0.162,1.01344
0.162,-0.0108446
0.162,0.000117602
0.162,-4.9643e-006
0.162,0.0309251
0.162,0.0107921
0.162,-0.00158082
0.162,0.000220483
0.163,-0
0.163,-8.46224e-006
0.163,-0
0.163,-1.13058
0.163,-0.00017374
0.163,-0
0.163,1.01323
0.163,-0.010869
0.163,0.000119501
0.163,-5.08595e-006
0.163,0.0308192
0.163,0.0108162
0.163,-0.00159593
0.163,0.00022399
0.164,-0
0.164,-8.67024e-006
0.164,-0
0.164,-1.13086
0.164,-0.00017659
0.164,-0
0.164,1.01302
0.164,-0.010893
0.164,0.000121413
0.164,-5.20955e-006
0.164,0.0307148
0.164,0.0108399
0.164,-0.00161103
0.164,0.000227519
0.165,-0
0.165,-8.8816e-006
0.165,-0
0.165,-1.13113
0.165,-0.000179462
0.165,-0
0.165,1.01281
0.165,-0.0109167
0.165,0.000123338
0.165,-5.33511e-006
0.165,0.0306118
0.165,0.0108633
0.165,-0.00162614
0.165,0.00023107
0.166,-0
0.166,-9.09637e-006
0.166,-0
0.166,-1.1314
0.166,-0.000182354
0.166,-0
0.166,1.0126
0.166,-0.0109401
0.166,0.000125275
0.166,-5.46265e-006
0.166,0.0305102
0.166,0.0108864
0.166,-0.00164124
0.166,0.000234644
0.167,-0
0.167,-9.31456e-006
0.167,-0
0.167,-1.13167
0.167,-0.000185267
0.167,-0
0.167,1.01239
0.167,-0.0109631
0.167,0.000127226
0.167,-5.59217e-006
0.167,0.03041
0.167,0.0109091
0.167,-0.00165634
0.167,0.000238241
0.168,-0
0.168,-9.53619e-006
0.168,-0
0.168,-1.13194
0.168,-0.000188201
0.168,-0
0.168,1.01218
0.168,-0.0109858
0.168,0.000129189
0.168,-5.72369e-006
0.168,0.0303111
0.168,0.0109315
0.168,-0.00167144
0.168,0.000241859
0.169,-0
0.169,-9.76129e-006
0.169,-0
0.169,-1.1322
0.169,-0.000191156
0.169,-0
0.169,1.01198
0.169,-0.0110082
0.169,0.000131164
0.169,-5.85723e-006
0.169,0.0302135
0.169,0.0109536
0.169,-0.00168653
0.169,0.000245499
0.17,-0
0.17,-9.98988e-006
0.17,-0
0.17,-1.13247
0.17,-0.00019413
0.17,-0
0.17,1.01178
0.17,-0.0110303
0.17,0.000133152
0.17,-5.99279e-006
0.17,0.0301173
0.17,0.0109754
0.17,-0.00170162
0.17,0.000249161
0.171,-0
0.171,-1.0222e-005
0.171,-0
0.171,-1.13273
0.171,-0.000197125
0.171,-0
0.171,1.01157
0.171,-0.011052
0.171,0.000135152
0.171,-6.13039e-006
0.171,0.0300223
0.171,0.0109968
0.171,-0.0017167
0.171,0.000252845
0.172,-0
0.172,-1.04576e-005
0.172,-0
0.172,-1.13299
0.172,-0.000200141
0.172,-0
0.172,1.01137
0.172,-0.0110734
0.172,0.000137165
0.172,-6.27003e-006
0.172,0.0299286
0.172,0.0110179
0.172,-0.00173178
0.172,0.00025655
0.173,-0
0.173,-1.06968e-005
0.173,-0
0.173,-1.13325
0.173,-0.000203176
0.173,-0
0.173,1.01117
0.173,-0.0110946
0.173,0.00013919
0.173,-6.41174e-006
0.173,0.0298361
0.173,0.0110388
0.173,-0.00174685
0.173,0.000260276
0.174,-0
0.174,-1.09396e-005
0.174,-0
0.174,-1.13351
0.174,-0.000206231
0.174,-0
0.174,1.01097
0.174,-0.0111154
0.174,0.000141226
0.174,-6.55551e-006
0.174,0.0297449
0.174,0.0110593
0.174,-0.00176192
0.174,0.000264023
0.175,-0
0.175,-1.11859e-005
0.175,-0
0.175,-1.13376
0.175,-0.000209307
0.175,-0
0.175,1.01077
0.175,-0.0111359
0.175,0.000143275
0.175,-6.70138e-006
0.175,0.0296548
0.175,0.0110795
0.175,-0.00177698
0.175,0.00026779
0.176,-0
0.176,-1.14359e-005
0.176,-0
0.176,-1.13402
0.176,-0.000212402
0.176,-0
0.176,1.01058
0.176,-0.0111561
0.176,0.000145336
0.176,-6.84933e-006
0.176,0.0295659
0.176,0.0110994
0.176,-0.00179203
0.176,0.000271579
0.177,-0
0.177,-1.16896e-005
0.177,-0
0.177,-1.13427
0.177,-0.000215516
0.177,-0
0.177,1.01038
0.177,-0.0111761
0.177,0.000147408
0.177,-6.99939e-006
0.177,0.0294782
0.177,0.011119
0.177,-0.00180708
0.177,0.000275387
0.178,-0
0.178,-1.19469e-005
0.178,-0
0.178,-1.13452
0.178,-0.00021865
0.178,-0
0.178,1.01019
0.178,-0.0111957
0.178,0.000149492
0.178,-7.15158e-006
0.178,0.0293916
0.178,0.0111384
0.178,-0.00182211
0.178,0.000279216
0.179,-0
0.179,-1.22079e-005
0.179,-0
0.179,-1.13477
0.179,-0.000221804
0.179,-0
0.179,1.00999
0.179,-0.0112151
0.179,0.000151588
0.179,-7.30589e-006
0.179,0.0293061
0.179,0.0111575
0.179,-0.00183715
0.179,0.000283065
0.18,-0
0.18,-1.24726e-005
0.18,-0
0.18,-1.13502
0.18,-0.000224977
0.18,-0
0.18,1.0098
0.18,-0.0112342
0.18,0.000153695
0.18,-7.46234e-006
0.18,0.0292218
0.18,0.0111762
0.18,-0.00185217
0.18,0.000286934
0.181,-0
0.181,-1.2741e-005
0.181,-0
0.181,-1.13526
0.181,-0.000228169
0.181,-0
0.181,1.00961
0.181,-0.011253
0.181,0.000155814
0.181,-7.62094e-006
0.181,0.0291385
0.181,0.0111947
0.181,-0.00186718
0.181,0.000290822
0.182,-0
0.182,-1.30132e-005
0.182,-0
0.182,-1.13551
0.182,-0.00023138
0.182,-0
0.182,1.00942
0.182,-0.0112715
0.182,0.000157944
0.182,-7.78171e-006
0.182,0.0290562
0.182,0.011213
0.182,-0.00188219
0.182,0.00029473
0.183,-0
0.183,-1.32891e-005
0.183,-0
0.183,-1.13575
0.183,-0.00023461
0.183,-0
0.183,1.00923
0.183,-0.0112898
0.183,0.000160085
0.183,-7.94464e-006
0.183,0.028975
0.183,0.0112309
0.183,-0.00189718
0.183,0.000298657
0.184,-0
0.184,-1.35689e-005
0.184,-0
0.184,-1.13599
0.184,-0.000237859
0.184,-0
0.184,1.00904
0.184,-0.0113078
0.184,0.000162237
0.184,-8.10977e-006
0.184,0.0288949
0.184,0.0112486
0.184,-0.00191217
0.184,0.000302603
0.185,-0
0.185,-1.38524e-005
0.185,-0
0.185,-1.13623
0.185,-0.000241126
0.185,-0
0.185,1.00886
0.185,-0.0113255
0.185,0.000164401
0.185,-8.27709e-006
0.185,0.0288157
0.185,0.0112661
0.185,-0.00192715
0.185,0.000306568
0.186,-0
0.186,-1.41398e-005
0.186,-0
0.186,-1.13647
0.186,-0.000244412
0.186,-0
0.186,1.00867
0.186,-0.011343
0.186,0.000166575
0.186,-8.44661e-006
0.186,0.0287375
0.186,0.0112833
0.186,-0.00194211
0.186,0.000310552
0.187,-0
0.187,-1.4431e-005
0.187,-0
0.187,-1.13671
0.187,-0.000247717
0.187,-0
0.187,1.00849
0.187,-0.0113602
0.187,0.00016876
0.187,-8.61835e-006
0.187,0.0286603
0.187,0.0113002
0.187,-0.00195707
0.187,0.000314554
0.188,-0
0.188,-1.47261e-005
0.188,-0
0.188,-1.13694
0.188,-0.00025104
0.188,-0
0.188,1.0083
0.188,-0.0113771
0.188,0.000170956
0.188,-8.79231e-006
0.188,0.0285841
0.188,0.0113169
0.188,-0.00197202
0.188,0.000318575
0.189,-0
0.189,-1.50251e-005
0.189,-0
0.189,-1.13718
0.189,-0.000254381
0.189,-0
0.189,1.00812
0.189,-0.0113939
0.189,0.000173163
0.189,-8.96851e-006
0.189,0.0285088
0.189,0.0113333
0.189,-0.00198695
0.189,0.000322613
0.19,-0
0.19,-1.53281e-005
0.19,-0
0.19,-1.13741
0.19,-0.00025774
0.19,-0
0.19,1.00794
0.19,-0.0114103
0.19,0.00017538
0.19,-9.14696e-006
0.19,0.0284345
0.19,0.0113495
0.19,-0.00200187
0.19,0.00032667
0.191,-0
0.191,-1.56349e-005
0.191,-0
0.191,-1.13764
0.191,-0.000261118
0.191,-0
0.191,1.00776
0.191,-0.0114266
0.191,0.000177607
0.191,-9.32766e-006
0.191,0.028361
0.191,0.0113654
0.191,-0.00201679
0.191,0.000330745
0.192,-0
0.192,-1.59457e-005
0.192,-0
0.192,-1.13787
0.192,-0.000264513
0.192,-0
0.192,1.00758
0.192,-0.0114425
0.192,0.000179845
0.192,-9.51063e-006
0.192,0.0282885
0.192,0.0113812
0.192,-0.00203169
0.192,0.000334837
0.193,-0
0.193,-1.62604e-005
0.193,-0
0.193,-1.1381
0.193,-0.000267926
0.193,-0
0.193,1.0074
0.193,-0.0114583
0.193,0.000182094
0.193,-9.69588e-006
0.193,0.0282169
0.193,0.0113966
0.193,-0.00204657
0.193,0.000338946
0.194,-0
0.194,-1.65792e-005
0.194,-0
0.194,-1.13833
0.194,-0.000271356
0.194,-0
0.194,1.00723
0.194,-0.0114738
0.194,0.000184352
0.194,-9.88341e-006
0.194,0.0281461
0.194,0.0114119
0.194,-0.00206145
0.194,0.000343073
0.195,-0
0.195,-1.69019e-005
0.195,-0
0.195,-1.13856
0.195,-0.000274804
0.195,-0
0.195,1.00705
0.195,-0.0114891
0.195,0.000186621
0.195,-1.00732e-005
0.195,0.0280762
0.195,0.0114269
0.195,-0.00207631
0.195,0.000347217
0.196,-0
0.196,-1.72287e-005
0.196,-0
0.196,-1.13878
0.196,-0.00027827
0.196,-0
0.196,1.00687
0.196,-0.0115041
0.196,0.000188899
0.196,-1.02654e-005
0.196,0.0280071
0.196,0.0114417
0.196,-0.00209116
0.196,0.000351377
0.197,-0
0.197,-1.75595e-005
0.197,-0
0.197,-1.13901
0.197,-0.000281753
0.197,-0
0.197,1.0067
0.197,-0.0115189
0.197,0.000191188
0.197,-1.04598e-005
0.197,0.0279389
0.197,0.0114563
0.197,-0.002106
0.197,0.000355555
0.198,-0
0.198,-1.78944e-005
0.198,-0
0.198,-1.13923
0.198,-0.000285253
0.198,-0
0.198,1.00653
0.198,-0.0115335
0.198,0.000193486
0.198,-1.06566e-005
0.198,0.0278714
0.198,0.0114706
0.198,-0.00212082
0.198,0.000359748
0.199,-0
0.199,-1.82334e-005
0.199,-0
0.199,-1.13945
0.199,-0.00028877
0.199,-0
0.199,1.00635
0.199,-0.0115479
0.199,0.000195795
0.199,-1.08557e-005
0.199,0.0278048
0.199,0.0114847
0.199,-0.00213563
0.199,0.000363959
0.2,-0
0.2,-1.85764e-005
0.2,-0
0.2,-1.13968
0.2,-0.000292304
0.2,-0
0.2,1.00618
0.2,-0.0115621
0.2,0.000198112
0.2,-1.10571e-005
0.2,0.027739
0.2,0.0114987
0.2,-0.00215043
0.2,0.000368185
0.201,-0
0.201,-1.89236e-005
0.201,-0
0.201,-1.1399
0.201,-0.000295855
0.201,-0
0.201,1.00601
0.201,-0.011576
0.201,0.00020044
0.201,-1.12609e-005
0.201,0.027674
0.201,0.0115124
0.201,-0.00216521
0.201,0.000372427
0.202,-0
0.202,-1.92749e-005
0.202,-0
0.202,-1.14011
0.202,-0.000299423
0.202,-0
0.202,1.00584
0.202,-0.0115898
0.202,0.000202777
0.202,-1.14671e-005
0.202,0.0276097
0.202,0.0115259
0.202,-0.00217998
0.202,0.000376685
0.203,-0
0.203,-1.96304e-005
0.203,-0
0.203,-1.14033
0.203,-0.000303007
0.203,-0
0.203,1.00567
0.203,-0.0116033
0.203,0.000205123
0.203,-1.16756e-005
0.203,0.0275462
0.203,0.0115392
0.203,-0.00219473
0.203,0.000380959
0.204,-0
0.204,-1.999e-005
0.204,-0
0.204,-1.14055
0.204,-0.000306608
0.204,-0
0.204,1.00551
0.204,-0.0116166
0.204,0.000207479
0.204,-1.18865e-005
0.204,0.0274834
0.204,0.0115523
0.204,-0.00220947
0.204,0.000385248
0.205,-0
0.205,-2.03538e-005
0.205,-0
0.205,-1.14076
0.205,-0.000310225
0.205,-0
0.205,1.00534
0.205,-0.0116297
0.205,0.000209843
0.205,-1.20998e-005
0.205,0.0274214
0.205,0.0115652
0.205,-0.00222419
0.205,0.000389552
0.206,-0
0.206,-2.07218e-005
0.206,-0
0.206,-1.14098
0.206,-0.000313859
0.206,-0
0.206,1.00517
0.206,-0.0116426
0.206,0.000212217
0.206,-1.23155e-005
0.206,0.02736
0.206,0.0115779
0.206,-0.0022389
0.206,0.000393872
0.207,-0
0.207,-2.1094e-005
0.207,-0
0.207,-1.14119
0.207,-0.000317508
0.207,-0
0.207,1.00501
0.207,-0.0116553
0.207,0.0002146
0.207,-1.25335e-005
0.207,0.0272994
0.207,0.0115904
0.207,-0.0022536
0.207,0.000398206
0.208,-0
0.208,-2.14705e-005
0.208,-0
0.208,-1.1414
0.208,-0.000321174
0.208,-0
0.208,1.00484
0.208,-0.0116679
0.208,0.000216992
0.208,-1.2754e-005
0.208,0.0272395
0.208,0.0116027
0.208,-0.00226828
0.208,0.000402555
0.209,-0
0.209,-2.18512e-005
0.209,-0
0.209,-1.14161
0.209,-0.000324856
0.209,-0
0.209,1.00468
0.209,-0.0116802
0.209,0.000219393
0.209,-1.29769e-005
0.209,0.0271803
0.209,0.0116149
0.209,-0.00228294
0.209,0.000406919
0.21,-0
0.21,-2.22362e-005
0.21,-0
0.21,-1.14182
0.21,-0.000328553
0.21,-0
0.21,1.00452
0.21,-0.0116923
0.21,0.000221802
0.21,-1.32023e-005
0.21,0.0271218
0.21,0.0116268
0.21,-0.00229759
0.21,0.000411297
0.211,-0
0.211,-2.26254e-005
0.211,-0
0.211,-1.14203
0.211,-0.000332266
0.211,-0
0.211,1.00435
0.211,-0.0117042
0.211,0.00022422
0.211,-1.343e-005
0.211,0.027064
0.211,0.0116386
0.211,-0.00231222
0.211,0.000415689
0.212,-0
0.212,-2.3019e-005
0.212,-0
0.212,-1.14224
0.212,-0.000335995
0.212,-0
0.212,1.00419
0.212,-0.011716
0.212,0.000226647
0.212,-1.36603e-005
0.212,0.0270068
0.212,0.0116502
0.212,-0.00232683
0.212,0.000420095
0.213,-0
0.213,-2.34169e-005
0.213,-0
0.213,-1.14245
0.213,-0.000339739
0.213,-0
0.213,1.00403
0.213,-0.0117275
0.213,0.000229082
0.213,-1.38929e-005
0.213,0.0269502
0.213,0.0116616
0.213,-0.00234143
0.213,0.000424515
0.214,-0
0.214,-2.38191e-005
0.214,-0
0.214,-1.14266
0.214,-0.000343499
0.214,-0
0.214,1.00387
0.214,-0.0117389
0.214,0.000231526
0.214,-1.41281e-005
0.214,0.0268943
0.214,0.0116728
0.214,-0.00235602
0.214,0.000428949
0.215,-0
0.215,-2.42256e-005
0.215,-0
0.215,-1.14286
0.215,-0.000347274
0.215,-0
0.215,1.00371
0.215,-0.0117501
0.215,0.000233978
0.215,-1.43656e-005
0.215,0.026839
0.215,0.0116839
0.215,-0.00237058
0.215,0.000433397
0.216,-0
0.216,-2.46365e-005
0.216,-0
0.216,-1.14306
0.216,-0.000351063
0.216,-0
0.216,1.00356
0.216,-0.0117611
0.216,0.000236438
0.216,-1.46057e-005
0.216,0.0267844
0.216,0.0116948
0.216,-0.00238513
0.216,0.000437857
0.217,-0
0.217,-2.50518e-005
0.217,-0
0.217,-1.14327
0.217,-0.000354868
0.217,-0
0.217,1.0034
0.217,-0.011772
0.217,0.000238907
0.217,-1.48483e-005
0.217,0.0267303
0.217,0.0117055
0.217,-0.00239967
0.217,0.000442331
0.218,-0
0.218,-2.54715e-005
0.218,-0
0.218,-1.14347
0.218,-0.000358688
0.218,-0
0.218,1.00324
0.218,-0.0117826
0.218,0.000241383
0.218,-1.50933e-005
0.218,0.0266769
0.218,0.011716
0.218,-0.00241418
0.218,0.000446818
0.219,-0
0.219,-2.58956e-005
0.219,-0
0.219,-1.14367
0.219,-0.000362523
0.219,-0
0.219,1.00309
0.219,-0.0117931
0.219,0.000243868
0.219,-1.53408e-005
0.219,0.026624
0.219,0.0117264
0.219,-0.00242868
0.219,0.000451318
0.22,-0
0.22,-2.63241e-005
0.22,-0
0.22,-1.14387
0.22,-0.000366372
0.22,-0
0.22,1.00293
0.22,-0.0118035
0.22,0.00024636
0.22,-1.55909e-005
0.22,0.0265718
0.22,0.0117366
0.22,-0.00244316
0.22,0.00045583
0.221,-0
0.221,-2.67571e-005
0.221,-0
0.221,-1.14407
0.221,-0.000370236
0.221,-0
0.221,1.00278
0.221,-0.0118136
0.221,0.000248861
0.221,-1.58434e-005
0.221,0.0265201
0.221,0.0117467
0.221,-0.00245763
0.221,0.000460355
0.222,-0
0.222,-2.71945e-005
0.222,-0
0.222,-1.14427
0.222,-0.000374115
0.222,-0
0.222,1.00262
0.222,-0.0118236
0.222,0.000251369
0.222,-1.60985e-005
0.222,0.026469
0.222,0.0117566
0.222,-0.00247208
0.222,0.000464893
0.223,-0
0.223,-2.76363e-005
0.223,-0
0.223,-1.14447
0.223,-0.000378008
0.223,-0
0.223,1.00247
0.223,-0.0118334
0.223,0.000253884
0.223,-1.63561e-005
0.223,0.0264185
0.223,0.0117664
0.223,-0.00248651
0.223,0.000469442
0.224,-0
0.224,-2.80827e-005
0.224,-0
0.224,-1.14467
0.224,-0.000381915
0.224,-0
0.224,1.00232
0.224,-0.0118431
0.224,0.000256407
0.224,-1.66162e-005
0.224,0.0263685
0.224,0.011776
0.224,-0.00250092
0.224,0.000474004
0.225,-0
0.225,-2.85335e-005
0.225,-0
0.225,-1.14486
0.225,-0.000385836
0.225,-0
0.225,1.00217
0.225,-0.0118526
0.225,0.000258938
0.225,-1.68788e-005
0.225,0.026319
0.225,0.0117854
0.225,-0.00251532
0.225,0.000478577
0.226,-0
0.226,-2.89888e-005
0.226,-0
0.226,-1.14506
0.226,-0.000389771
0.226,-0
0.226,1.00202
0.226,-0.0118619
0.226,0.000261476
0.226,-1.7144e-005
0.226,0.0262701
0.226,0.0117947
0.226,-0.00252969
0.226,0.000483162
0.227,-0
0.227,-2.94487e-005
0.227,-0
0.227,-1.14525
0.227,-0.000393721
0.227,-0
0.227,1.00187
0.227,-0.0118711
0.227,0.000264022
0.227,-1.74118e-005
0.227,0.0262217
0.227,0.0118039
0.227,-0.00254405
0.227,0.000487759
0.228,-0
0.228,-2.99131e-005
0.228,-0
0.228,-1.14545
0.228,-0.000397684
0.228,-0
0.228,1.00172
0.228,-0.0118801
0.228,0.000266574
0.228,-1.76821e-005
0.228,0.0261739
0.228,0.0118129
0.228,-0.00255839
0.228,0.000492367
0.229,-0
0.229,-3.0382e-005
0.229,-0
0.229,-1.14564
0.229,-0.00040166
0.229,-0
0.229,1.00157
0.229,-0.011889
0.229,0.000269134
0.229,-1.79549e-005
0.229,0.0261265
0.229,0.0118217
0.229,-0.00257272
0.229,0.000496987
0.23,-0
0.23,-3.08555e-005
0.23,-0
0.23,-1.14583
0.23,-0.000405651
0.23,-0
0.23,1.00142
0.23,-0.0118977
0.23,0.000271701
0.23,-1.82304e-005
0.23,0.0260797
0.23,0.0118304
0.23,-0.00258702
0.23,0.000501617
0.231,-0
0.231,-3.13336e-005
0.231,-0
0.231,-1.14602
0.231,-0.000409655
0.231,-0
0.231,1.00128
0.231,-0.0119063
0.231,0.000274275
0.231,-1.85084e-005
0.231,0.0260333
0.231,0.011839
0.231,-0.00260131
0.231,0.000506258
0.232,-0
0.232,-3.18163e-005
0.232,-0
0.232,-1.14621
0.232,-0.000413672
0.232,-0
0.232,1.00113
0.232,-0.0119147
0.232,0.000276856
0.232,-1.8789e-005
0.232,0.0259875
0.232,0.0118475
0.232,-0.00261558
0.232,0.000510911
0.233,-0
0.233,-3.23036e-005
0.233,-0
0.233,-1.1464
0.233,-0.000417703
0.233,-0
0.233,1.00099
0.233,-0.011923
0.233,0.000279444
0.233,-1.90722e-005
0.233,0.0259422
0.233,0.0118558
0.233,-0.00262983
0.233,0.000515573
0.234,-0
0.234,-3.27954e-005
0.234,-0
0.234,-1.14659
0.234,-0.000421746
0.234,-0
0.234,1.00084
0.234,-0.0119311
0.234,0.000282038
0.234,-1.9358e-005
0.234,0.0258973
0.234,0.0118639
0.234,-0.00264406
0.234,0.000520246
0.235,-0
0.235,-3.32919e-005
0.235,-0
0.235,-1.14678
0.235,-0.000425803
0.235,-0
0.235,1.0007
0.235,-0.0119391
0.235,0.00028464
0.235,-1.96463e-005
0.235,0.0258529
0.235,0.011872
0.235,-0.00265827
0.235,0.00052493
0.236,-0
0.236,-3.37931e-005
0.236,-0
0.236,-1.14697
0.236,-0.000429873
0.236,-0
0.236,1.00055
0.236,-0.0119469
0.236,0.000287247
0.236,-1.99373e-005
0.236,0.0258089
0.236,0.0118799
0.236,-0.00267247
0.236,0.000529624
0.237,-0
0.237,-3.42989e-005
0.237,-0
0.237,-1.14716
0.237,-0.000433956
0.237,-0
0.237,1.00041
0.237,-0.0119547
0.237,0.000289862
0.237,-2.02309e-005
0.237,0.0257655
0.237,0.0118877
